doc_id,datetime,text,media,alt_text,likes,reposts,replies,username,handle,user_description,user_image,user_followers,commented_post,sponsored,target,condition,sequence
1001,30.09.2026 10:00:00,He has officially claimed the sunny spot by the window. Hard to argue with that level of comfort. #CatLife #SlowMorning,https://raw.githubusercontent.com/gmaimone91/harry-rowe-dice-experiment/main/ORG01_post.jpg,A tabby cat sleeping in a sunny spot beside an apartment window.,15,1,2,MiloAtHome,MiloInTheSun,"Small moments, good naps, and life with one very spoiled cat.",https://raw.githubusercontent.com/gmaimone91/harry-rowe-dice-experiment/main/ORG01_profile.jpg,4523,0,0,,C1,1
1002,30.09.2026 09:50:00,"A quiet breakfast before the day starts: strong coffee, warm toast, and five peaceful minutes. #MorningRoutine",https://raw.githubusercontent.com/gmaimone91/harry-rowe-dice-experiment/main/ORG02_post.jpg,A ceramic mug of coffee and two slices of toast on a small wooden kitchen table.,7,0,0,MorningNotes,FiveQuietMinutes,"Coffee, breakfast, and ordinary routines.",https://raw.githubusercontent.com/gmaimone91/harry-rowe-dice-experiment/main/ORG02_profile.jpg,15600,0,0,,C1,2
1003,30.09.2026 09:40:00,My monstera finally unfurled a new leaf! Tiny victories for the apartment garden. #PlantParent,https://raw.githubusercontent.com/gmaimone91/harry-rowe-dice-experiment/main/ORG03_post.jpg,A fresh light-green monstera leaf unfurling among mature leaves on an apartment windowsill.,10,1,1,WindowGarden,SmallSpaceGreen,Learning to keep an apartment full of healthy plants.,https://raw.githubusercontent.com/gmaimone91/harry-rowe-dice-experiment/main/ORG03_profile.jpg,3721,0,0,,C1,3
1004,30.09.2026 09:30:00,"Rainy afternoon, a good mystery, and nowhere I need to be. Perfect. #CurrentlyReading",https://raw.githubusercontent.com/gmaimone91/harry-rowe-dice-experiment/main/ORG04_post.jpg,An open book and reading glasses on a soft blanket beside a rain-covered window.,13,2,0,PageTurner,OneMoreChapter,Always reading something and usually losing track of time.,https://raw.githubusercontent.com/gmaimone91/harry-rowe-dice-experiment/main/ORG04_profile.jpg,9832,0,0,,C1,4
1005,30.09.2026 09:20:00,First sourdough loaf that actually rose the way it was supposed to. I’m counting this as progress. #HomeBaking,https://raw.githubusercontent.com/gmaimone91/harry-rowe-dice-experiment/main/ORG05_post.jpg,A homemade sourdough loaf cooling on a wire rack in a sunny home kitchen.,8,0,1,KitchenExperiment,LearningToBake,Trying one new recipe at a time.,https://raw.githubusercontent.com/gmaimone91/harry-rowe-dice-experiment/main/ORG05_profile.jpg,5470,0,0,,C1,5
1006,30.09.2026 09:10:00,A limited-time offer from Harry & Rowe. Shop today.,https://raw.githubusercontent.com/gmaimone91/harry-rowe-dice-experiment/main/Harry_Rowe_Spend50_Get5.png,"Harry & Rowe clothing promotion: Spend $50, get $5 credit.",128,4,7,Harry & Rowe,harryandrowe,Modern everyday clothing and accessories.,https://raw.githubusercontent.com/gmaimone91/harry-rowe-dice-experiment/main/Harry_Rowe_Wordmark.png,12840,0,1,https://drive.google.com/file/d/12TbuI808Gsm3ozLXe5qtxZ5d5uyFZ2bj/view?usp=sharing,C1,6
1007,30.09.2026 09:00:00,Put on an old favorite and listened to the whole album without skipping a track. Highly recommend. #NowPlaying,https://raw.githubusercontent.com/gmaimone91/harry-rowe-dice-experiment/main/ORG06_post.jpg,A vinyl record playing on a simple home turntable in warm afternoon light.,18,3,0,NeedleDrop,ListenAllTheWay,"Albums, playlists, and music for slow evenings.",https://raw.githubusercontent.com/gmaimone91/harry-rowe-dice-experiment/main/ORG06_profile.jpg,2350,0,0,,C1,7
1008,30.09.2026 08:50:00,"Tried a simple tomato-and-basil pasta tonight. Nothing fancy, but exactly what I wanted. #HomeCooking",https://raw.githubusercontent.com/gmaimone91/harry-rowe-dice-experiment/main/ORG07_post.jpg,A bowl of homemade tomato-and-basil pasta on a wooden dining table.,10,1,0,WeeknightCook,PantryAndPlate,Simple meals from an ordinary home kitchen.,https://raw.githubusercontent.com/gmaimone91/harry-rowe-dice-experiment/main/ORG07_profile.jpg,4890,0,0,,C1,8
1009,30.09.2026 08:40:00,Took the long way home on my bike and caught the last few minutes of sunset. #EveningRide,https://raw.githubusercontent.com/gmaimone91/harry-rowe-dice-experiment/main/ORG08_post.jpg,A bicycle parked beside a quiet lakeside path at sunset.,4,0,2,CityCyclist,TwoWheelsAfterWork,Evening rides and quiet routes around town.,https://raw.githubusercontent.com/gmaimone91/harry-rowe-dice-experiment/main/ORG08_profile.jpg,3033,0,0,,C1,9
1010,30.09.2026 08:30:00,"Spent an hour painting just for fun. It’s messy, but that’s kind of the point. #CreativeTime",https://raw.githubusercontent.com/gmaimone91/harry-rowe-dice-experiment/main/ORG09_post.jpg,"Watercolor paints, brushes, and an unfinished abstract painting on a home desk.",10,1,0,ColorAndPaper,MakeSomethingToday,"Painting, drawing, and making things for fun.",https://raw.githubusercontent.com/gmaimone91/harry-rowe-dice-experiment/main/ORG09_profile.jpg,1120,0,0,,C1,10
1011,30.09.2026 08:20:00,Clear sky tonight—stepped outside for a minute and ended up stargazing for half an hour. #NightSky,https://raw.githubusercontent.com/gmaimone91/harry-rowe-dice-experiment/main/ORG10_post.jpg,A clear star-filled night sky above trees and a wooden backyard fence.,9,1,0,SkyWatcher,LookUpTonight,"A casual observer of sunsets, clouds, and stars.",https://raw.githubusercontent.com/gmaimone91/harry-rowe-dice-experiment/main/ORG10_profile.jpg,4675,0,0,,C1,11
2001,30.09.2026 10:00:00,He has officially claimed the sunny spot by the window. Hard to argue with that level of comfort. #CatLife #SlowMorning,https://raw.githubusercontent.com/gmaimone91/harry-rowe-dice-experiment/main/ORG01_post.jpg,A tabby cat sleeping in a sunny spot beside an apartment window.,15,1,2,MiloAtHome,MiloInTheSun,"Small moments, good naps, and life with one very spoiled cat.",https://raw.githubusercontent.com/gmaimone91/harry-rowe-dice-experiment/main/ORG01_profile.jpg,4523,0,0,,C2,1
2002,30.09.2026 09:50:00,"A quiet breakfast before the day starts: strong coffee, warm toast, and five peaceful minutes. #MorningRoutine",https://raw.githubusercontent.com/gmaimone91/harry-rowe-dice-experiment/main/ORG02_post.jpg,A ceramic mug of coffee and two slices of toast on a small wooden kitchen table.,7,0,0,MorningNotes,FiveQuietMinutes,"Coffee, breakfast, and ordinary routines.",https://raw.githubusercontent.com/gmaimone91/harry-rowe-dice-experiment/main/ORG02_profile.jpg,15600,0,0,,C2,2
2003,30.09.2026 09:40:00,My monstera finally unfurled a new leaf! Tiny victories for the apartment garden. #PlantParent,https://raw.githubusercontent.com/gmaimone91/harry-rowe-dice-experiment/main/ORG03_post.jpg,A fresh light-green monstera leaf unfurling among mature leaves on an apartment windowsill.,10,1,1,WindowGarden,SmallSpaceGreen,Learning to keep an apartment full of healthy plants.,https://raw.githubusercontent.com/gmaimone91/harry-rowe-dice-experiment/main/ORG03_profile.jpg,3721,0,0,,C2,3
2004,30.09.2026 09:30:00,"Rainy afternoon, a good mystery, and nowhere I need to be. Perfect. #CurrentlyReading",https://raw.githubusercontent.com/gmaimone91/harry-rowe-dice-experiment/main/ORG04_post.jpg,An open book and reading glasses on a soft blanket beside a rain-covered window.,13,2,0,PageTurner,OneMoreChapter,Always reading something and usually losing track of time.,https://raw.githubusercontent.com/gmaimone91/harry-rowe-dice-experiment/main/ORG04_profile.jpg,9832,0,0,,C2,4
2005,30.09.2026 09:20:00,First sourdough loaf that actually rose the way it was supposed to. I’m counting this as progress. #HomeBaking,https://raw.githubusercontent.com/gmaimone91/harry-rowe-dice-experiment/main/ORG05_post.jpg,A homemade sourdough loaf cooling on a wire rack in a sunny home kitchen.,8,0,1,KitchenExperiment,LearningToBake,Trying one new recipe at a time.,https://raw.githubusercontent.com/gmaimone91/harry-rowe-dice-experiment/main/ORG05_profile.jpg,5470,0,0,,C2,5
2006,30.09.2026 09:10:00,A limited-time offer from Harry & Rowe. Shop today.,https://raw.githubusercontent.com/gmaimone91/harry-rowe-dice-experiment/main/Harry_Rowe_Spend50_Get35.png,"Harry & Rowe clothing promotion: Spend $50, get $35 credit.",128,4,7,Harry & Rowe,harryandrowe,Modern everyday clothing and accessories.,https://raw.githubusercontent.com/gmaimone91/harry-rowe-dice-experiment/main/Harry_Rowe_Wordmark.png,12840,0,1,https://drive.google.com/file/d/12TbuI808Gsm3ozLXe5qtxZ5d5uyFZ2bj/view?usp=sharing,C2,6
2007,30.09.2026 09:00:00,Put on an old favorite and listened to the whole album without skipping a track. Highly recommend. #NowPlaying,https://raw.githubusercontent.com/gmaimone91/harry-rowe-dice-experiment/main/ORG06_post.jpg,A vinyl record playing on a simple home turntable in warm afternoon light.,18,3,0,NeedleDrop,ListenAllTheWay,"Albums, playlists, and music for slow evenings.",https://raw.githubusercontent.com/gmaimone91/harry-rowe-dice-experiment/main/ORG06_profile.jpg,2350,0,0,,C2,7
2008,30.09.2026 08:50:00,"Tried a simple tomato-and-basil pasta tonight. Nothing fancy, but exactly what I wanted. #HomeCooking",https://raw.githubusercontent.com/gmaimone91/harry-rowe-dice-experiment/main/ORG07_post.jpg,A bowl of homemade tomato-and-basil pasta on a wooden dining table.,10,1,0,WeeknightCook,PantryAndPlate,Simple meals from an ordinary home kitchen.,https://raw.githubusercontent.com/gmaimone91/harry-rowe-dice-experiment/main/ORG07_profile.jpg,4890,0,0,,C2,8
2009,30.09.2026 08:40:00,Took the long way home on my bike and caught the last few minutes of sunset. #EveningRide,https://raw.githubusercontent.com/gmaimone91/harry-rowe-dice-experiment/main/ORG08_post.jpg,A bicycle parked beside a quiet lakeside path at sunset.,4,0,2,CityCyclist,TwoWheelsAfterWork,Evening rides and quiet routes around town.,https://raw.githubusercontent.com/gmaimone91/harry-rowe-dice-experiment/main/ORG08_profile.jpg,3033,0,0,,C2,9
2010,30.09.2026 08:30:00,"Spent an hour painting just for fun. It’s messy, but that’s kind of the point. #CreativeTime",https://raw.githubusercontent.com/gmaimone91/harry-rowe-dice-experiment/main/ORG09_post.jpg,"Watercolor paints, brushes, and an unfinished abstract painting on a home desk.",10,1,0,ColorAndPaper,MakeSomethingToday,"Painting, drawing, and making things for fun.",https://raw.githubusercontent.com/gmaimone91/harry-rowe-dice-experiment/main/ORG09_profile.jpg,1120,0,0,,C2,10
2011,30.09.2026 08:20:00,Clear sky tonight—stepped outside for a minute and ended up stargazing for half an hour. #NightSky,https://raw.githubusercontent.com/gmaimone91/harry-rowe-dice-experiment/main/ORG10_post.jpg,A clear star-filled night sky above trees and a wooden backyard fence.,9,1,0,SkyWatcher,LookUpTonight,"A casual observer of sunsets, clouds, and stars.",https://raw.githubusercontent.com/gmaimone91/harry-rowe-dice-experiment/main/ORG10_profile.jpg,4675,0,0,,C2,11
3001,30.09.2026 10:00:00,He has officially claimed the sunny spot by the window. Hard to argue with that level of comfort. #CatLife #SlowMorning,https://raw.githubusercontent.com/gmaimone91/harry-rowe-dice-experiment/main/ORG01_post.jpg,A tabby cat sleeping in a sunny spot beside an apartment window.,15,1,2,MiloAtHome,MiloInTheSun,"Small moments, good naps, and life with one very spoiled cat.",https://raw.githubusercontent.com/gmaimone91/harry-rowe-dice-experiment/main/ORG01_profile.jpg,4523,0,0,,C3,1
3002,30.09.2026 09:50:00,"A quiet breakfast before the day starts: strong coffee, warm toast, and five peaceful minutes. #MorningRoutine",https://raw.githubusercontent.com/gmaimone91/harry-rowe-dice-experiment/main/ORG02_post.jpg,A ceramic mug of coffee and two slices of toast on a small wooden kitchen table.,7,0,0,MorningNotes,FiveQuietMinutes,"Coffee, breakfast, and ordinary routines.",https://raw.githubusercontent.com/gmaimone91/harry-rowe-dice-experiment/main/ORG02_profile.jpg,15600,0,0,,C3,2
3003,30.09.2026 09:40:00,My monstera finally unfurled a new leaf! Tiny victories for the apartment garden. #PlantParent,https://raw.githubusercontent.com/gmaimone91/harry-rowe-dice-experiment/main/ORG03_post.jpg,A fresh light-green monstera leaf unfurling among mature leaves on an apartment windowsill.,10,1,1,WindowGarden,SmallSpaceGreen,Learning to keep an apartment full of healthy plants.,https://raw.githubusercontent.com/gmaimone91/harry-rowe-dice-experiment/main/ORG03_profile.jpg,3721,0,0,,C3,3
3004,30.09.2026 09:30:00,"Rainy afternoon, a good mystery, and nowhere I need to be. Perfect. #CurrentlyReading",https://raw.githubusercontent.com/gmaimone91/harry-rowe-dice-experiment/main/ORG04_post.jpg,An open book and reading glasses on a soft blanket beside a rain-covered window.,13,2,0,PageTurner,OneMoreChapter,Always reading something and usually losing track of time.,https://raw.githubusercontent.com/gmaimone91/harry-rowe-dice-experiment/main/ORG04_profile.jpg,9832,0,0,,C3,4
3005,30.09.2026 09:20:00,First sourdough loaf that actually rose the way it was supposed to. I’m counting this as progress. #HomeBaking,https://raw.githubusercontent.com/gmaimone91/harry-rowe-dice-experiment/main/ORG05_post.jpg,A homemade sourdough loaf cooling on a wire rack in a sunny home kitchen.,8,0,1,KitchenExperiment,LearningToBake,Trying one new recipe at a time.,https://raw.githubusercontent.com/gmaimone91/harry-rowe-dice-experiment/main/ORG05_profile.jpg,5470,0,0,,C3,5
3006,30.09.2026 09:10:00,A limited-time offer from Harry & Rowe. Shop today.,https://raw.githubusercontent.com/gmaimone91/harry-rowe-dice-experiment/main/Harry_Rowe_Save9.png,Harry & Rowe clothing promotion: Save 9% on your purchase.,128,4,7,Harry & Rowe,harryandrowe,Modern everyday clothing and accessories.,https://raw.githubusercontent.com/gmaimone91/harry-rowe-dice-experiment/main/Harry_Rowe_Wordmark.png,12840,0,1,https://drive.google.com/file/d/12TbuI808Gsm3ozLXe5qtxZ5d5uyFZ2bj/view?usp=sharing,C3,6
3007,30.09.2026 09:00:00,Put on an old favorite and listened to the whole album without skipping a track. Highly recommend. #NowPlaying,https://raw.githubusercontent.com/gmaimone91/harry-rowe-dice-experiment/main/ORG06_post.jpg,A vinyl record playing on a simple home turntable in warm afternoon light.,18,3,0,NeedleDrop,ListenAllTheWay,"Albums, playlists, and music for slow evenings.",https://raw.githubusercontent.com/gmaimone91/harry-rowe-dice-experiment/main/ORG06_profile.jpg,2350,0,0,,C3,7
3008,30.09.2026 08:50:00,"Tried a simple tomato-and-basil pasta tonight. Nothing fancy, but exactly what I wanted. #HomeCooking",https://raw.githubusercontent.com/gmaimone91/harry-rowe-dice-experiment/main/ORG07_post.jpg,A bowl of homemade tomato-and-basil pasta on a wooden dining table.,10,1,0,WeeknightCook,PantryAndPlate,Simple meals from an ordinary home kitchen.,https://raw.githubusercontent.com/gmaimone91/harry-rowe-dice-experiment/main/ORG07_profile.jpg,4890,0,0,,C3,8
3009,30.09.2026 08:40:00,Took the long way home on my bike and caught the last few minutes of sunset. #EveningRide,https://raw.githubusercontent.com/gmaimone91/harry-rowe-dice-experiment/main/ORG08_post.jpg,A bicycle parked beside a quiet lakeside path at sunset.,4,0,2,CityCyclist,TwoWheelsAfterWork,Evening rides and quiet routes around town.,https://raw.githubusercontent.com/gmaimone91/harry-rowe-dice-experiment/main/ORG08_profile.jpg,3033,0,0,,C3,9
3010,30.09.2026 08:30:00,"Spent an hour painting just for fun. It’s messy, but that’s kind of the point. #CreativeTime",https://raw.githubusercontent.com/gmaimone91/harry-rowe-dice-experiment/main/ORG09_post.jpg,"Watercolor paints, brushes, and an unfinished abstract painting on a home desk.",10,1,0,ColorAndPaper,MakeSomethingToday,"Painting, drawing, and making things for fun.",https://raw.githubusercontent.com/gmaimone91/harry-rowe-dice-experiment/main/ORG09_profile.jpg,1120,0,0,,C3,10
3011,30.09.2026 08:20:00,Clear sky tonight—stepped outside for a minute and ended up stargazing for half an hour. #NightSky,https://raw.githubusercontent.com/gmaimone91/harry-rowe-dice-experiment/main/ORG10_post.jpg,A clear star-filled night sky above trees and a wooden backyard fence.,9,1,0,SkyWatcher,LookUpTonight,"A casual observer of sunsets, clouds, and stars.",https://raw.githubusercontent.com/gmaimone91/harry-rowe-dice-experiment/main/ORG10_profile.jpg,4675,0,0,,C3,11
4001,30.09.2026 10:00:00,He has officially claimed the sunny spot by the window. Hard to argue with that level of comfort. #CatLife #SlowMorning,https://raw.githubusercontent.com/gmaimone91/harry-rowe-dice-experiment/main/ORG01_post.jpg,A tabby cat sleeping in a sunny spot beside an apartment window.,15,1,2,MiloAtHome,MiloInTheSun,"Small moments, good naps, and life with one very spoiled cat.",https://raw.githubusercontent.com/gmaimone91/harry-rowe-dice-experiment/main/ORG01_profile.jpg,4523,0,0,,C4,1
4002,30.09.2026 09:50:00,"A quiet breakfast before the day starts: strong coffee, warm toast, and five peaceful minutes. #MorningRoutine",https://raw.githubusercontent.com/gmaimone91/harry-rowe-dice-experiment/main/ORG02_post.jpg,A ceramic mug of coffee and two slices of toast on a small wooden kitchen table.,7,0,0,MorningNotes,FiveQuietMinutes,"Coffee, breakfast, and ordinary routines.",https://raw.githubusercontent.com/gmaimone91/harry-rowe-dice-experiment/main/ORG02_profile.jpg,15600,0,0,,C4,2
4003,30.09.2026 09:40:00,My monstera finally unfurled a new leaf! Tiny victories for the apartment garden. #PlantParent,https://raw.githubusercontent.com/gmaimone91/harry-rowe-dice-experiment/main/ORG03_post.jpg,A fresh light-green monstera leaf unfurling among mature leaves on an apartment windowsill.,10,1,1,WindowGarden,SmallSpaceGreen,Learning to keep an apartment full of healthy plants.,https://raw.githubusercontent.com/gmaimone91/harry-rowe-dice-experiment/main/ORG03_profile.jpg,3721,0,0,,C4,3
4004,30.09.2026 09:30:00,"Rainy afternoon, a good mystery, and nowhere I need to be. Perfect. #CurrentlyReading",https://raw.githubusercontent.com/gmaimone91/harry-rowe-dice-experiment/main/ORG04_post.jpg,An open book and reading glasses on a soft blanket beside a rain-covered window.,13,2,0,PageTurner,OneMoreChapter,Always reading something and usually losing track of time.,https://raw.githubusercontent.com/gmaimone91/harry-rowe-dice-experiment/main/ORG04_profile.jpg,9832,0,0,,C4,4
4005,30.09.2026 09:20:00,First sourdough loaf that actually rose the way it was supposed to. I’m counting this as progress. #HomeBaking,https://raw.githubusercontent.com/gmaimone91/harry-rowe-dice-experiment/main/ORG05_post.jpg,A homemade sourdough loaf cooling on a wire rack in a sunny home kitchen.,8,0,1,KitchenExperiment,LearningToBake,Trying one new recipe at a time.,https://raw.githubusercontent.com/gmaimone91/harry-rowe-dice-experiment/main/ORG05_profile.jpg,5470,0,0,,C4,5
4006,30.09.2026 09:10:00,A limited-time offer from Harry & Rowe. Shop today.,https://raw.githubusercontent.com/gmaimone91/harry-rowe-dice-experiment/main/Harry_Rowe_Save42.png,Harry & Rowe clothing promotion: Save 42% on your purchase.,128,4,7,Harry & Rowe,harryandrowe,Modern everyday clothing and accessories.,https://raw.githubusercontent.com/gmaimone91/harry-rowe-dice-experiment/main/Harry_Rowe_Wordmark.png,12840,0,1,https://drive.google.com/file/d/12TbuI808Gsm3ozLXe5qtxZ5d5uyFZ2bj/view?usp=sharing,C4,6
4007,30.09.2026 09:00:00,Put on an old favorite and listened to the whole album without skipping a track. Highly recommend. #NowPlaying,https://raw.githubusercontent.com/gmaimone91/harry-rowe-dice-experiment/main/ORG06_post.jpg,A vinyl record playing on a simple home turntable in warm afternoon light.,18,3,0,NeedleDrop,ListenAllTheWay,"Albums, playlists, and music for slow evenings.",https://raw.githubusercontent.com/gmaimone91/harry-rowe-dice-experiment/main/ORG06_profile.jpg,2350,0,0,,C4,7
4008,30.09.2026 08:50:00,"Tried a simple tomato-and-basil pasta tonight. Nothing fancy, but exactly what I wanted. #HomeCooking",https://raw.githubusercontent.com/gmaimone91/harry-rowe-dice-experiment/main/ORG07_post.jpg,A bowl of homemade tomato-and-basil pasta on a wooden dining table.,10,1,0,WeeknightCook,PantryAndPlate,Simple meals from an ordinary home kitchen.,https://raw.githubusercontent.com/gmaimone91/harry-rowe-dice-experiment/main/ORG07_profile.jpg,4890,0,0,,C4,8
4009,30.09.2026 08:40:00,Took the long way home on my bike and caught the last few minutes of sunset. #EveningRide,https://raw.githubusercontent.com/gmaimone91/harry-rowe-dice-experiment/main/ORG08_post.jpg,A bicycle parked beside a quiet lakeside path at sunset.,4,0,2,CityCyclist,TwoWheelsAfterWork,Evening rides and quiet routes around town.,https://raw.githubusercontent.com/gmaimone91/harry-rowe-dice-experiment/main/ORG08_profile.jpg,3033,0,0,,C4,9
4010,30.09.2026 08:30:00,"Spent an hour painting just for fun. It’s messy, but that’s kind of the point. #CreativeTime",https://raw.githubusercontent.com/gmaimone91/harry-rowe-dice-experiment/main/ORG09_post.jpg,"Watercolor paints, brushes, and an unfinished abstract painting on a home desk.",10,1,0,ColorAndPaper,MakeSomethingToday,"Painting, drawing, and making things for fun.",https://raw.githubusercontent.com/gmaimone91/harry-rowe-dice-experiment/main/ORG09_profile.jpg,1120,0,0,,C4,10
4011,30.09.2026 08:20:00,Clear sky tonight—stepped outside for a minute and ended up stargazing for half an hour. #NightSky,https://raw.githubusercontent.com/gmaimone91/harry-rowe-dice-experiment/main/ORG10_post.jpg,A clear star-filled night sky above trees and a wooden backyard fence.,9,1,0,SkyWatcher,LookUpTonight,"A casual observer of sunsets, clouds, and stars.",https://raw.githubusercontent.com/gmaimone91/harry-rowe-dice-experiment/main/ORG10_profile.jpg,4675,0,0,,C4,11
